charging_rate,suucess_rate
4.6,0
4.699999999999999,0
4.8,0
4.8999999999999995,0
5.0,0
5.1,0
5.199999999999999,0
5.3,0
5.3999999999999995,0
5.5,0
5.6,0
5.7,16.4
5.8,58.8
5.9,82.6
6.0,89.4
6.1,97.0
6.2,98.4
6.3,100.0
6.4,100.0
6.5,99.8
6.6,100.0
6.7,100
6.8,100
6.9,100
7.0,100
7.1,100
7.2,100
7.3,100
7.4,100
7.5,100
7.6,100
7.699999999999999,100
7.8,100
7.9,100
8.0,100
8.1,100
8.2,100
8.3,100
8.4,100
8.5,100
